musk	Everyday Astronaut：Starbase 采访	采访	https://everydayastronaut.com/starbase-tour-and-interview-with-elon-musk/	公开工程方法与制造议题；本库把拆解成本、删减步骤改造成互动游戏。
trump	Miller Center：Trump 的商业与电视经历	学术人物史	https://millercenter.org/president/trump/life-presidency	商业品牌与电视形象；夸张式谈判戏剧化演绎是本库创作。
jobs	Stanford：2005 Jobs 演讲原文	本人演讲	https://news.stanford.edu/stories/2005/06/youve-got-find-love-jobs-says	兴趣、挫折与创造性经历；产品评审场景为原创。
bezos	Amazon：1997 股东信	本人公开信	https://www.aboutamazon.com/news/company-news/amazons-original-1997-letter-to-shareholders	长期价值与客户价值；本库不复制信件，改写成客户倒推练习。
buffett	Berkshire：股东信索引	本人公开信	https://www.berkshirehathaway.com/letters/letters.html	股东信阅读入口；耐心、能力圈等为演绎方向，不构成证券建议。
feynman	Nobel：Feynman 诺奖演讲	本人演讲	https://www.nobelprize.org/prizes/physics/1965/feynman/lecture/	物理研究的试探与解释过程；教学游戏是原创设计。
einstein	Nobel：Einstein Facts	机构人物资料	https://www.nobelprize.org/prizes/physics/1921/einstein/facts/	物理学家与光电效应；电梯与追光的对话情景为原创演绎。
pg	Paul Graham：Do Things that Don't Scale	本人文章	https://paulgraham.com/ds.html	早期手动招募用户、手工解决需求；本库改写成创业诊所。
jay	JVR：Jay Chou 艺人资料	官方艺人页	https://www.jvrmusic.com/artist/profile/1150822038412333056?lang=en_US	作曲、制作与导演经历；本库不引用歌词或杜撰私生活。
chow	香港电影金像奖：第21届名单	官方奖项	https://hkfaa.com/winnerlist21.html	周星驰与少林足球获奖资料；反差喜剧玩法为原创，不复制电影台词。
chan	Academy：2016 Governors Awards	官方奖项	https://www.oscars.org/news/jackie-chan-anne-v-coates-lynn-stalmaster-and-frederick-wiseman-receive-academys-2016-governors	成龙的动作喜剧与演员导演经历；片场拆镜为原创，排除危险特技教学。
faye	Universal Music：Faye Wong Biography	官方艺人页	https://www.universal-music.co.jp/faye-wong/biography/	歌手身份资料；清冷、留白是本库选择的舞台演绎，不断言真人私下性格。
eason	UMG：Eason Chan 合作公告	官方艺人资料	https://www.universalmusic.com/universal-music-group-extends-partnership-with-chinese-pop-megastar-eason-chan/	音乐生涯与作品介绍；情绪听歌室是原创玩法，不引用歌词。
liu	Hugo：2015 获奖名单	官方奖项	https://www.thehugoawards.org/2015/08/2014-hugo-award-winners-announced/	刘慈欣与三体获奖记录；宇宙尺度创意桌不复制小说或假称作者本人。
chiang	Hoover：Chiang Diaries	档案机构	https://www.hoover.org/library-archives/collections/featured/chiang-diaries?page=1	日记的时间范围与研究背景；民国幕僚室及复盘口吻为原创历史戏剧。
cao	中国哲学书电子化：三国志·武帝纪	历史文献	https://ctext.org/text.pl?if=gb&node=601875	史书中的曹操；用人桌游为原创，不把演义桥段混作史实。
su	中国哲学书电子化：苏轼集卷四十三	文学文献	https://ctext.org/wiki.pl?chapter=769319&if=en	苏轼议论文章；厨房夜谈与生活转化为本库演绎。
li	中国哲学书电子化：李白诗全集	文学文献	https://ctext.org/wiki.pl?if=gb&res=748499	李白诗作目录；意象接龙为原创，不假称新诗出自李白。
lu	上海鲁迅纪念馆：鲁迅知识	纪念馆	https://www.luxunmuseum.cn/study/index.html	作家相关研究入口；短句拆话术玩法为原创，不伪造语录。
zhuge	中国哲学书电子化：三国演义第43回	文学文献	https://ctext.org/sanguo-yanyi/ch43/ens	演义中的论辩形象；本模板明确采用文学演绎，史实另外查证。
frieren	葬送的芙莉莲：官方人物设计介绍	官方角色资料	https://frieren-anime.jp/news/133/	长寿精灵、魔法兴趣与日常节奏；慢旅行与魔法清单是原创。
fern	葬送的芙莉莲：新队伍角色介绍	官方角色资料	https://frieren-anime.jp/news/197/	菲伦冷静与照顾同伴的角色特征；出行清单为原创。
maomao	药屋少女：第二季角色页	官方角色资料	https://kusuriyanohitorigoto.jp/season2/character/index.php	猫猫的好奇心与药师身份；仅设计虚构线索游戏，不提供试毒操作。
spy	SPY×FAMILY：角色页	官方角色资料	https://spy-family.net/tvseries/	阿尼亚、洛伊德、约尔的家庭角色与各自秘密；家庭任务均为原创。
gojo	咒术回战：角色与周年演员资料	官方角色资料	https://jujutsukaisen.jp/5th/cast_message.html	五条悟的角色身份；甜品挑战与导师口吻为本库演绎。
nanami	咒术回战：七海建人角色页	官方角色资料	https://jujutsukaisen.jp/character/category3.php	七海曾在一般企业工作、成熟的一級术师；下班计划为原创。
luffy	ONE PIECE：路飞角色页	官方角色资料	https://one-piece.com/character/luffy/index.html	船长、自由、伙伴与冒险；目标出海游戏为原创。
zoro	ONE PIECE：索隆角色页	官方角色资料	https://one-piece.com/character/zoro/index.html	剑士、训练、伙伴与方向感；训练记录互动为原创。
naruto	NARUTO：官方动画资料	官方剧情资料	https://naruto-official.com/en/anime/naruto2/list/01_917	鸣人与卡卡西所属作品、团队关联；目标训练对话为原创。
kakashi	NARUTO：卡卡西生日专栏	官方角色资料	https://naruto-official.com/en/news/01_1903	团队测试与重视同伴；铃铛式协作练习为原创。
conan	小学馆：柯南原作角色资料	出版方角色资料	https://www.conan-portal.com/	柯南与灰原的基本身份；本库案件完全原创。
bocchi	孤独摇滚：演员评论	官方演员资料	https://bocchi.rocks/tv/caststaff/	后藤一里的角色与负面自我意识演绎；社交小步练习为原创。
marin	更衣人偶：角色页	官方角色资料	https://bisquedoll-anime.com/1st/character/	海梦开朗、模特与Cosplay爱好；道具预算互动为原创。
kurisu	STEINS;GATE：官方站	官方作品资料	https://steinsgate.tv/	作品与角色设定入口；实验反驳流程是原创，默认不剧透。
lelouch	Code Geass：R2 鲁路修角色页	官方角色资料	https://geass.jp/r2/chara_01.html	聪明的学生与反叛角色；棋局推演为原创且不强迫用户。
dandadan	Crunchyroll：2026 Anime Awards 获奖与提名	官方奖项	https://www.crunchyroll.com/news/latest/2026/5/22/anime-awards-2026-winners-list?pubDate=20260523	猫猫、阿尼亚获奖，桃和厄卡伦为主角奖提名；只以奖项说明选材热度，不声称角色全球排名。
zhongli	Genshin Official：钟离演示	官方发布	https://www.hoyolab.com/article/94640	官方角色演示入口；茶馆契约与谈古玩法为原创。
furina	HoYoWiki：芙宁娜	官方平台角色百科	https://wiki.hoyolab.com/pc/genshin/entry/4376?crawler=Googlebot&lang=	角色与官方演示索引；剧场谢幕互动为原创。
raiden	HoYoWiki：雷电将军	官方平台角色百科	https://wiki.hoyolab.com/pc/genshin/entry/49?crawler=Googlebot&lang=	角色与官方演示索引；变化辩论为原创，区分将军与影。
nahida	HoYoWiki：角色演示索引	官方平台百科	https://wiki.hoyolab.com/	纳西妲的角色演示索引；树状问答与知识花园为原创。
starrail	星穹铁道：官方角色页面	官方角色资料	https://sr.mihoyo.com/main?nav=world	三月七、卡芙卡、流萤的角色入口；列车日记、分支与散步玩法为原创。
kafka	Star Rail Official：Kafka Trailer	官方角色预告	https://www.youtube.com/watch?v=AEUffI4nAIM	官方预告的戏剧节奏；分支叙事不宣称控制现实用户。
arona	Blue Archive：阿罗娜通信	官方角色互动	https://bluearchive.jp/arona_report/	阿罗娜以通信方式回应玩家；蓝色便签助理为原创。
tga	The Game Awards：2023 年名单	官方奖项	https://thegameawards.com/rewind/year-2023	原神与星穹铁道出现在获奖名单中；用于作品层面的社区覆盖参考，不代表单角人气。
card	SillyTavern：Character Design	官方项目文档	https://github.com/SillyTavern/SillyTavern-Docs/blob/main/Usage/Characters/characterdesign.md	角色描述、性格、情景、首句、示例对话等结构启发；不复制社区角色卡。
